{
 "charts": [],
 "content": "[{\"id\":\"kkJAb1ky4i\",\"type\":\"header\",\"data\":{\"text\":\"<span class=\\\"h4\\\">SPL</span>\",\"col\":12}},{\"id\":\"szsYeLhnqu\",\"type\":\"shortcut\",\"data\":{\"shortcut_name\":\"Gate Pass\",\"col\":3}},{\"id\":\"eJ2xIMU8gB\",\"type\":\"shortcut\",\"data\":{\"shortcut_name\":\"Purchase Order\",\"col\":3}},{\"id\":\"EhIULn6LOg\",\"type\":\"spacer\",\"data\":{\"col\":12}},{\"id\":\"71i4NcacYw\",\"type\":\"card\",\"data\":{\"card_name\":\"Masters\",\"col\":4}}]",
 "creation": "2024-11-13 12:27:34.882632",
 "custom_blocks": [],
 "docstatus": 0,
 "doctype": "Workspace",
 "for_user": "",
 "hide_custom": 0,
 "icon": "organization",
 "idx": 0,
 "indicator_color": "green",
 "is_hidden": 0,
 "label": "SPL",
 "links": [
  {
   "hidden": 0,
   "is_query_report": 0,
   "label": "Masters",
   "link_count": 2,
   "link_type": "DocType",
   "onboard": 0,
   "type": "Card Break"
  },
  {
   "hidden": 0,
   "is_query_report": 0,
   "label": "Gate Pass",
   "link_count": 0,
   "link_to": "Gate Pass",
   "link_type": "DocType",
   "onboard": 0,
   "type": "Link"
  },
  {
   "hidden": 0,
   "is_query_report": 0,
   "label": "Purchase Order",
   "link_count": 0,
   "link_to": "Purchase Order",
   "link_type": "DocType",
   "onboard": 0,
   "type": "Link"
  }
 ],
 "modified": "2024-11-15 10:34:28.726693",
 "modified_by": "Administrator",
 "module": "SPL",
 "name": "SPL",
 "number_cards": [],
 "owner": "Administrator",
 "parent_page": "",
 "public": 1,
 "quick_lists": [],
 "roles": [],
 "sequence_id": 29.0,
 "shortcuts": [
  {
   "color": "Red",
   "doc_view": "List",
   "format": "{} Draft",
   "label": "Gate Pass",
   "link_to": "Gate Pass",
   "stats_filter": "[[\"Gate Pass\",\"docstatus\",\"=\",\"0\",false]]",
   "type": "DocType"
  },
  {
   "color": "Grey",
   "doc_view": "List",
   "label": "Purchase Order",
   "link_to": "Purchase Order",
   "type": "DocType"
  }
 ],
 "title": "SPL"
}