{
 "actions": [],
 "allow_rename": 1,
 "creation": "2024-11-12 20:57:24.593474",
 "doctype": "DocType",
 "editable_grid": 1,
 "engine": "InnoDB",
 "field_order": [
  "gate_pass_details_section",
  "document_type",
  "document_name",
  "item",
  "accepted_qty",
  "ordered_qty"
 ],
 "fields": [
  {
   "fieldname": "gate_pass_details_section",
   "fieldtype": "Section Break",
   "label": "Gate Pass Details"
  },
  {
   "default": "1",
   "fieldname": "accepted_qty",
   "fieldtype": "Int",
   "in_list_view": 1,
   "label": "Accepted Qty",
   "non_negative": 1,
   "reqd": 1
  },
  {
   "fieldname": "item",
   "fieldtype": "Link",
   "in_list_view": 1,
   "label": "Item",
   "options": "Item",
   "reqd": 1
  },
  {
   "fieldname": "document_type",
   "fieldtype": "Link",
   "in_list_view": 1,
   "label": "Document Type",
   "options": "DocType"
  },
  {
   "fieldname": "document_name",
   "fieldtype": "Dynamic Link",
   "in_list_view": 1,
   "label": "Document Name",
   "options": "document_type"
  },
  {
   "default": "0",
   "fieldname": "ordered_qty",
   "fieldtype": "Read Only",
   "in_list_view": 1,
   "label": "Ordered Qty"
  }
 ],
 "index_web_pages_for_search": 1,
 "istable": 1,
 "links": [],
 "modified": "2024-11-18 21:20:09.292526",
 "modified_by": "Administrator",
 "module": "SPL",
 "name": "Gate Pass Item",
 "owner": "Administrator",
 "permissions": [],
 "sort_field": "modified",
 "sort_order": "DESC",
 "states": []
}